弌,一
壹,一
弌,一
柒,七
弎,三
參,三
叁,三
叄,三
丅,下
支,丈
丄,上
二,上
丒,丑
匄,丐
匃,丐
还,不
丗,世
卋,世
丠,丘
坵,丘
丢,丟
傡,並
竝,並
椏,丫
亞,丫
凢,凡
凣,凡
弓,乃
廼,乃
乆,久
镹,久
幺,么
虖,乎
乗,乘
椉,乘
乚,乙
玖,九
气,乞
乹,乾
亁,乾
干,乾
漧,乾
乱,亂
釠,亂
乨,亂
叓,事
弍,二
貳,二
亏,于
丼,井
乂,五
伍,五
亘,亙
呰,些
亜,亞
俹,亞
焏,亟
亾,亡
兦,亡
亯,亨
享,亨
亯,享
畗,享
亨,享
亰,京
几,人
忈,仁
忎,仁
庂,仄
叱,以
仅,付
佗,他
僊,仙
仚,仙
佡,仙
屳,仙
倣,仿
牫,伐
咻,休
烋,休
仚,企
竚,佇
它,佗
仏,佛
仸,佛
彿,佛
覗,伺
佀,似
仏,似
価,似
伲,你
伱,你
儞,你
仾,低
来,來
徠,來
逨,來
倈,來
偘,侃
倂,併
訫,信
矦,侯
侠,俠
趗,促
侣,侶
竢,俟
逘,俟
儁,俊
儶,俊
圱,俗
娒,侮
悧,俐
爼,俎
兪,俞
俖,倍
頫,俯
俛,俯
劵,倦
惓,倦
勌,倦
俩,倆
値,值
徣,借
誳,倔
倶,俱
个,個
亇,個
箇,個
俢,修
臹,修
脩,修
俔,倪
仺,倉
僞,偽
仮,假
叚,假
徤,健
媀,偶
遉,偵
偸,偷
倐,倏
焂,倏
翛,倏
徬,傍
傳,傅
偹,備
僃,備
俻,備
繖,傘
佣,傭
慠,傲
伝,傳
仅,僅
儍,傻
偬,傯
倊,傯
偅,僮
憢,僥
僣,僭
仆,僕
傢,像
傹,僵
価,價
价,價
倹,儉
偄,儒
尽,儘
优,優
偘,儼
灮,光
炗,光
烡,光
茪,光
炚,光
炛,光
恟,兇
忷,兇
宨,兆
兊,兌
兑,兌
剋,克
咒,兕
兑,免
兎,兔
菟,兔
児,兒
儿,兒
皃,兒
兖,兗
兠,兜
内,內
仝,全
両,兩
两,兩
刄,兩
陸,六
俱,具
倶,具
亓,其
丌,其
亣,其
卞,其
兾,冀
冄,冉
册,冊
笧,冊
冐,冒
冐,冑
絻,冕
冣,最
宂,冗
冘,冗
寃,冤
惌,冤
窴,冥
窅,冥
塚,冢
冡,冢
塜,冢
昸,冬
仌,冰
氷,冰
冫,冰
涷,凍
淍,凋
凛,凜
澟,凜
癛,凜
机,几
櫈,凳
橙,凳
兇,凶
岀,出
凾,函
圅,函
釖,刀
刁,刀
刀,刁
刄,刃
艾,刈
刋,刊
栞,刊
找,划
别,別
牉,判
删,刪
劵,券
剌,刺
捇,刺
劀,刮
剬,制
刴,剁
刹,剎
鬀,剃
歬,前
勊,剋
尅,剋
勀,剋
鋺,剜
掦,剔
鎠,剛
剥,剝
忉,剝
翦,剪
疈,副
剏,創
剙,創
刅,創
刱,創
瘡,創
戧,創
剰,剩
賸,剩
剿,剿
劋,剿
剗,剷
勡,剽
劐,劃
划,劃
剧,劇
刘,劉
鎦,劉
鐂,劉
剣,劍
劎,劍
劒,劍
劔,劍
釰,劍
剤,劑
鑇,劑
糿,功
糼,功
刧,劫
刦,劫
刼,劫
伮,努
勈,勇
恿,勇
勔,勉
働,動
动,動
勭,動
労,勞
劳,勞
僗,勞
憥,勞
勲,勛
勳,勛
势,勢
埶,勢
励,勵
劝,勸
勌,勸
勧,勸
匀,勻
勹,包
匇,匆
忩,匆
怱,匆
悤,匆
匃,匈
瓟,匏
鍉,匙
帀,匝
迊,匝
匩,匡
匞,匠
筪,匣
篚,匪
滙,匯
鑎,匱
鐀,匱
櫃,匱
疋,匹
塸,區
区,區
拾,十
仟,千
卆,卒
协,協
叶,協
恊,協
旪,協
桌,卓
愽,博
戼,卯
卬,卯
夘,卯
丣,卯
巵,卮
币,印
厃,危
卽,即
皍,即
卝,卵
巻,卷
缷,卸
賉,卹
却,卻
郤,卻
戹,厄
垕,厚
厡,原
亰,原
氒,厥
懕,厭
厉,厲
厺,去
弆,去
叁,參
参,參
叅,參
曑,參
喿,參
叄,參
叹,又
义,叉
犮,友
乁,及
仮,反
耴,取
炍,叛
傁,叟
叜,叟
昘,曼
樷,叢
菆,叢
欉,叢
厷,右
敂,叩
呌,叫
訆,叫
嘂,叫
噭,叫
嘄,叫
哯,叫
叽,叫
勾,句
叓,吏
仝,同
冈,同
弔,吊
咤,吒
喥,吒
恡,吝
悋,吝
頏,吭
呑,吞
吴,吞
吥,否
还,否
呝,呃
吴,吳
呉,吳
吕,呂
膂,呂
吿,告
龡,吹
脗,吻
呡,吻
呅,吻
噏,吸
呐,吶
呴,吼
吽,吼
噖,吟
訡,吟
哬,呵
啡,呸
嚉,咄
呪,咒
詋,咒
詶,咒
歑,呼
虖,呼
哌,呱
咊,和
惒,和
週,周
唶,咋
齩,咬
嚙,咬
諮,咨
欬,咳
孩,咳
吲,哂
弞,哂
啺,唐
鄌,唐
喭,唁
囐,唁
哊,唷
啠,哲
喆,哲
嚞,哲
埑,哲
貟,員
嘋,哮
喞,唧
吇,唧
謪,商
唖,啞
瘂,啞
誯,唱
餤,啖
噉,啖
嚪,啖
啗,啖
涰,啜
諁,啜
嚽,啜
衉,喀
吅,喧
嗁,啼
謕,啼
渧,啼
嚂,喊
歂,喘
憙,喜
歖,喜
憘,喜
諵,喃
娚,喃
单,單
単,單
嘳,喟
欳,喟
涶,唾
嚾,喚
喛,喚
喩,喻
乔,喬
呩,嗜
孠,嗣
齅,嗅
嚊,嗅
獆,嗥
嘷,嗥
獋,嗥
噑,嗥
獔,嗥
唙,嘀
甞,嘗
瘶,嗽
嗍,嗽
叹,嘆
嗸,嗷
謮,嘖
哰,嘮
謿,嘲
嘘,噓
饐,噎
喯,噴
歕,噴
吩,噴
呠,噴
嘨,嘯
歗,嘯
譩,噫
当,噹
齽,噤
吨,噸
觜,嘴
咀,嘴
譟,噪
噐,器
唑,噬
齛,噬
吺,嚅
吓,嚇
哧,嚇
嚔,嚏
啑,嚏
向,嚮
咽,嚥
厳,嚴
噍,嚼
嚻,囂
讛,囈
嘱,囑
亖,四
皿,四
肆,四
囙,因
囘,回
囬,回
牎,囪
囱,囪
怘,固
圑,圃
圏,圈
囯,國
囻,國
圀,國
国,國
囶,國
戜,國
囲,圍
薗,園
园,園
円,圓
园,圓
圎,圓
団,團
园,團
啚,圖
圗,圖
図,圖
圡,土
士,土
坔,地
埊,地
嶳,地
埅,地
扗,在
珪,圭
杇,圬
埅,坊
阯,址
圴,均
袀,均
輡,坎
阫,坏
坯,坏
岥,坡
憻,坦
堃,坤
巛,坤
烢,坼
埀,垂
坓,型
圻,垠
垦,垠
坸,垢
薶,埋
垩,堊
垖,堆
塠,堆
壀,埤
踑,基
坣,堂
隚,堂
执,執
秇,執
垺,培
垚,堯
塲,場
埞,堤
隄,堤
隁,堰
墕,堰
报,報
堢,堡
塐,塑
涂,塗
嵞,塗
塜,塚
墖,塔
塡,填
凷,塊
块,塊
墤,塊
隖,塢
埡,塢
嵨,塢
还,塢
尘,塵
埝,墊
壍,塹
増,增
隫,墳
坟,墳
坆,墳
礈,墜
陊,墮
隓,墮
垦,墾
压,壓
圧,壓
垒,壘
壨,壘
畾,壘
壊,壞
坯,壞
坏,壞
壠,壟
垻,壩
埧,壩
土,士
王,壬
壮,壯
壵,壯
牡,壯
扗,壯
夁,壹
壱,壹
壷,壺
寿,壽
夓,夏
昰,夏
夘,外
夛,多
亱,夜
够,夠
伙,夥
梦,夢
夣,夢
亣,大
兲,天
靝,天
夳,太
竒,奇
犇,奔
逩,奔
奓,奢
奥,奧
敓,奪
匲,奩
匳,奩
籢,奩
奋,奮
仅,奴
姧,奸
妑,妃
婓,妃
妆,妝
娤,妝
粧,妝
糚,妝
籹,妝
妬,妒
姤,妒
玅,妙
姸,妍
蔅,妍
伃,妤
姼,妓
姙,妊
娒,姆
她,姐
媎,姐
毑,姐
姗,姍
乨,始
兘,始
姉,姊
娰,姒
姕,姿
妷,姪
侄,姪
姧,姦
婣,姻
姢,娟
娱,娛
娯,娛
姫,姬
姖,姬
娄,婁
媍,婦
妸,婀
娿,婀
壻,婿
聟,婿
愱,嫉
媪,媼
嫰,嫩
媆,嫩
闝,嫖
嫺,嫻
婵,嬋
娬,嫵
孆,嬰
孾,嬰
娦,嬪
嬷,嬤
侟,存
姟,孩
孶,孳
斈,學
学,學
斅,學
孼,孽
孪,孿
佗,它
穻,宇
垨,守
垞,宅
侒,安
皃,完
冝,宜
宐,宜
惌,宛
宊,家
宫,宮
冦,寇
宼,寇
窛,寇
宻,密
冨,富
庽,寓
寍,寧
寕,寧
寜,寧
宁,寧
廫,寥
实,實
実,實
宲,實
砦,寨
寝,寢
寑,寢
窹,寤
詧,察
竂,寮
寛,寬
宷,審
讅,審
写,寫
宝,寶
寚,寶
寳,寶
珤,寶
宲,寶
叞,尉
叀,專
将,將
僔,尊
对,對
対,對
尐,少
尙,尚
怣,尤
魀,尬
魐,尷
凲,尷
尶,尷
凥,居
届,屆
屛,屏
幈,屏
尸,屍
屉,屜
屟,屜
屡,屢
属,屬
阣,屹
埁,岑
崏,岷
渂,岷
崗,岡
罡,岡
冈,岡
堽,岡
垾,岸
屽,岸
倵,岱
崻,峙
陗,峭
峡,峽
硤,峽
埈,峻
陖,峻
峩,峨
峯,峰
嶹,島
隝,島
嶋,島
嶌,島
隯,島
崈,崇
崫,崛
厓,崖
崕,崖
峥,崢
崝,崢
崐,崑
嵟,崔
崘,崙
崧,嵩
嶃,嶄
岴,嶇
阾,嶺
岭,嶺
岳,嶽
嵮,巔
巓,巔
峦,巒
巌,巖
巗,巖
岩,巖
嵒,巖
嵓,巖
礹,巖
巛,川
刕,州
巣,巢
荖,差
衖,巷
閧,巷
鬨,巷
巺,巽
顨,巽
忛,帆
箒,帚
帞,帕
絈,帕
絔,帕
伖,帑
廗,席
师,師
帯,帶
愊,幅
冃,帽
幁,幀
币,幣
簂,幗
旘,幟
幚,幫
帮,幫
幇,幫
縍,幫
幷,并
秊,年
羍,幸
干,幹
糼,幼
糿,幼
几,幾
牀,床
痁,店
厎,底
庻,庶
蓭,庵
广,庵
厠,廁
亷,廉
槏,廉
厦,廈
廃,廢
厨,廚
庿,廟
庙,廟
庴,廟
厮,廝
広,廣
广,廣
厰,廠
厂,廠
龎,龐
庐,廬
廰,廳
庁,廳
庍,廳
卄,廿
廾,廿
挊,弄
挵,弄
卡,弄
拤,弄
獘,弊
弑,弒
吊,弔
弡,張
强,強
彊,強
弻,弼
别,彆
弹,彈
弾,彈
弥,彌
弯,彎
篲,彗
彚,彙
彛,彝
彞,彝
彦,彥
斌,彬
份,彬
雕,彫
景,影
伇,役
迬,往
徃,往
徍,往
住,往
徰,征
佂,征
泟,征
佊,彼
佪,徊
侓,律
伨,徇
狥,徇
侚,徇
迧,徇
后,後
径,徑
逕,徑
俓,徑
俆,徐
淂,得
从,從
従,從
苁,從
俳,徘
馭,御
偱,循
惪,德
徳,德
恴,德
悳,德
徴,徵
征,徵
幑,徽
恾,忙
坖,忌
愖,忱
悥,念
悑,怖
恠,怪
恖,思
惌,怨
悢,恨
烣,恢
恒,恆
恿,恫
愙,恪
愘,恪
恓,恤
耻,恥
忢,悟
愯,悚
猂,悍
恱,悅
悦,悅
愂,悖
誖,悖
哱,悖
怫,悖
慂,恿
怸,悉
忰,悴
顇,悴
惖,惕
悐,惕
痵,悸
僫,惡
悪,惡
悱,悲
僡,惠
恵,惠
悏,愜
楞,愣
憜,惰
媠,惰
惚,惱
恼,惱
悩,惱
愡,惱
悥,意
愼,慎
昚,慎
眘,慎
怳,慌
愠,慍
忾,愾
媿,愧
謉,愧
忼,慷
遦,慣
摜,慣
憅,慟
慙,慚
憯,慘
惨,慘
懆,慘
虑,慮
忧,憂
慽,慼
偅,憧
怜,憐
惮,憚
譂,憚
顦,憔
癄,憔
凭,憑
凴,憑
慿,憑
憇,憩
譍,應
噟,應
応,應
恳,懇
貇,懇
愞,懦
懧,懦
惩,懲
怀,懷
褱,懷
嬾,懶
孄,懶
懜,懵
忏,懺
惧,懼
愳,懼
恋,戀
戍,戌
戉,戌
戊,戌
牫,戕
傶,戚
縬,戚
戞,戛
擮,截
勎,戮
战,戰
戦,戰
戯,戲
戱,戲
戏,戲
侢,戴
户,戶
戸,戶
戻,戾
鶣,扁
屝,扉
朾,打
掆,扛
拓,托
摷,抄
挗,抉
搹,扼
捈,抒
扸,折
斨,折
枊,抑
氶,承
拹,拉
摺,拉
拚,拌
挋,拒
抜,拔
扷,拔
抛,拋
籕,抽
抻,押
炪,拙
胟,拇
拞,抵
掋,抵
怉,抱
抅,拘
枸,拘
拕,拖
扡,拖
抝,拗
擡,抬
拝,拜
捙,拽
拲,拱
抍,拯
撜,拯
氶,拯
栝,括
拎,拾
搼,拳
拏,拿
挐,拿
搻,拿
挟,挾
抸,挾
祵,捆
揑,捏
掜,捏
梃,挺
輓,挽
剠,掠
卷,捲
棭,掖
撢,探
擑,接
椄,接
埽,掃
挂,掛
抆,捫
挣,掙
揈,掬
棑,排
搯,掏
搟,掀
捏,捻
挒,捩
舍,捨
挿,插
揷,插
挅,揣
撎,揖
担,揭
掲,揭
拮,揭
楥,援
敭,揚
撘,搭
捜,搜
扻,損
摤,搶
摇,搖
揺,搖
摿,搖
擣,搗
捯,搗
撆,撇
擿,摘
揊,撤
摹,摸
折,摺
爴,摑
敋,摑
擵,摩
攠,摩
摸,摹
扑,撲
擈,撲
撑,撐
樘,撐
籑,撰
熶,撮
譒,播
捬,撫
抚,撫
挡,擋
拠,據
据,據
択,擇
攂,擂
撡,操
捦,擒
扲,擒
担,擔
擏,擎
撃,擊
孹,擘
擗,擘
拟,擬
拡,擴
挄,擴
擿,擲
扰,擾
摆,擺
扳,攀
乑,攀
挕,攝
携,攜
擕,攜
儶,攜
擹,攤
挛,攣
爴,攫
撹,攪
捁,攪
擥,攬
収,收
敊,收
攺,改
効,效
傚,效
俲,效
捄,救
敎,教
斅,教
贁,敗
启,啟
啔,啟
唘,啟
啓,啟
諬,啟
闙,啟
勄,敏
叙,敘
敍,敘
憼,敬
毃,敲
摮,敲
歒,敵
敌,敵
旉,敷
数,數
愸,整
憗,整
歛,斂
彣,文
攵,文
辬,斑
奜,斐
升,斗
衺,斜
酙,斟
釿,斤
忻,斤
厈,斥
斱,斫
鐯,斫
断,斷
汸,方
扵,於
雱,旁
挔,旅
袿,旌
旍,旌
旑,旖
旣,既
囸,日
且,旦
旮,旭
旴,旭
晘,旱
暀,旺
昜,易
晜,昆
昻,昂
昴,昂
朙,明
眀,明
几,明
昬,昏
旾,春
萅,春
萶,春
炤,昭
佋,昭
暎,映
昛,昧
昰,是
曐,星
皨,星
垒,星
时,時
旹,時
晋,晉
曣,晏
晄,晃
爌,晃
熀,晃
愰,晃
曬,晒
昼,晝
晩,晚
旿,晤
曟,晨
暜,普
晳,晰
暒,晴
夝,晴
暻,景
晻,暗
睴,暉
睱,暇
煗,暖
煖,暖
燸,暖
畼,暢
曁,暨
臮,暨
莫,暮
蹔,暫
曓,暴
虣,暴
暦,曆
历,曆
暁,曉
暏,曙
瞹,曖
暴,曝
爔,曦
曵,曳
勖,勗
朁,替
会,會
朖,朗
朤,朗
誏,朗
朢,望
盳,望
朞,期
术,朮
楍,本
夲,本
絑,朱
朶,朵
朿,束
捒,束
扐,材
邨,村
檆,杉
煔,杉
抌,枕
柬,東
欛,杷
盃,杯
桮,杯
柸,杯
版,板
抂,枉
枀,松
梥,松
庺,松
柗,松
扸,析
柹,柿
枾,柿
厶,某
榢,架
栅,柵
匛,柩
匶,柩
柾,柩
抦,柄
棅,柄
柺,枴
櫾,柚
査,查
栢,柏
栁,柳
桺,柳
枊,柳
橮,柳
挍,校
亘,桓
拫,根
槕,桌
棹,桌
桒,桑
槡,桑
枽,桑
挌,格
樑,梁
榟,梓
杍,梓
閫,梱
棞,梱
挺,梃
弃,棄
弆,棄
甭,棄
楳,梅
槑,梅
坆,梅
栀,梔
樤,條
条,條
梸,梨
棃,梨
鴵,梟
栕,棺
椶,棕
艻,棘
枣,棗
椾,棧
碊,棧
捿,棲
栖,棲
棊,棋
櫀,棋
檱,棋
碁,棋
茮,椒
槌,椎
桘,椎
檰,棉
菐,業
椘,楚
揩,楷
柟,楠
极,極
槩,概
槪,概
杚,概
檝,楫
艥,楫
桯,楹
楡,榆
牓,榜
搒,榜
枀,榕
槀,槁
藁,槁
栄,榮
荣,榮
禜,榮
构,構
樼,榛
蓁,榛
橊,榴
鎗,槍
桘,槌
様,樣
样,樣
椁,槨
摳,樞
枢,樞
摽,標
橅,模
摸,模
楼,樓
棥,樊
楽,樂
枞,樅
罇,樽
檏,樸
朴,樸
擈,樸
樗,樺
檴,樺
横,橫
楕,橢
樣,橡
様,橡
槗,橋
墧,橋
鞽,橇
藮,樵
爑,樵
机,機
枟,檀
検,檢
扻,櫛
楖,櫛
梹,檳
柜,櫃
柠,檸
棹,櫂
橱,櫥
匵,櫝
樚,櫝
樐,櫓
権,權
杈,權
俽,欣
惞,欣
訢,欣
忻,欣
慾,欲
欵,款
歀,款
謌,歌
嘔,歐
欧,歐
噏,歙
欤,歟
欢,歡
歓,歡
懽,歡
孉,歡
疋,正
歨,步
歩,步
嵗,歲
歳,歲
亗,歲
历,歷
厯,歷
歴,歷
帰,歸
归,歸
歺,歹
殁,歿
歾,歿
圽,歿
残,殘
殡,殯
叚,段
煞,殺
壳,殼
殻,殼
毁,毀
敺,毆
殴,毆
毎,每
夶,比
芘,比
毘,毗
艮,民
互,氐
炁,氣
气,氣
氲,氳
汜,氾
污,汙
汖,池
澒,汞
銾,汞
砂,沙
沉,沈
沈,沉
决,決
汏,汰
汱,汰
溙,汰
冲,沖
没,沒
汔,汽
沲,沱
埿,泥
沬,沫
佱,法
灋,法
洩,泄
况,況
湭,泅
汓,泅
冶,治
滼,泛
洦,泊
湐,泊
淿,泊
湶,泉
洤,泉
灥,泉
夳,泰
冭,泰
潂,洪
汖,流
冽,洌
峝,洞
洒,洗
冼,洗
冾,洽
沠,派
汹,洶
洜,洛
洟,涕
洷,涇
濅,浸
寖,浸
淛,浙
渉,涉
泘,浮
酻,浮
还,浮
澔,浩
凉,涼
湻,淳
洂,液
沗,添
浅,淺
淸,清
凊,清
漄,涯
厓,涯
沍,涸
囦,淵
渊,淵
渁,淵
渆,淵
灁,淵
凄,淒
泪,淚
涙,淚
滛,淫
准,淮
瀞,淨
浄,淨
净,淨
凈,淨
汬,淨
湽,淄
涌,湧
凑,湊
减,減
郣,渤
洇,湮
涹,渦
漡,湯
渇,渴
漑,溉
遡,溯
溸,溯
泝,溯
霶,滂
雱,滂
汸,滂
沗,滂
厡,源
沟,溝
烕,滅
濕,溼
氼,溺
温,溫
昷,溫
凖,準
准,準
澑,溜
谿,溪
滚,滾
渧,滴
滳,滴
瀁,漾
洓,漬
屚,漏
満,滿
柒,漆
桼,漆
溙,漆
潄,漱
涑,漱
涱,漲
澷,漫
澫,漫
濕,漯
沪,滬
涁,滲
渗,滲
澂,澄
瀓,澄
洯,潔
洁,潔
潜,潛
濳,潛
澘,潸
潹,潺
礀,澗
濓,濂
淀,澱
沢,澤
泞,濘
浜,濱
濵,濱
滨,濱
済,濟
溕,濛
靀,濛
涛,濤
涭,濤
歮,澀
歰,澀
澁,澀
渋,澀
濇,澀
渪,濡
沈,瀋
凟,瀆
嚠,瀏
瀬,瀨
漣,瀾
潅,灌
洒,灑
滩,灘
湾,灣
滦,灤
灬,火
竈,灶
烵,灼
灾,災
烖,災
炏,炎
煼,炒
焣,炒
熫,炙
爲,為
昞,炳
昺,炳
烱,炯
炰,炮
缹,炮
灴,烘
烮,烈
煭,烈
亯,烹
亨,烹
熯,焊
熢,烽
炐,烽
焷,焙
燓,焚
燌,焚
炃,焚
燔,焚
爑,焦
燄,焰
爓,焰
焱,焰
无,無
橆,無
嘫,然
戁,然
煑,煮
烟,煙
鍊,煉
燳,照
瞾,照
炤,照
曌,照
朤,照
焴,煜
烊,煬
昫,煦
烉,煥
奐,煥
熈,熙
焈,熙
傓,煽
尉,熨
叞,熨
粦,燐
灯,燈
鷰,燕
暿,熹
熺,熹
尞,燎
爒,燎
然,燃
焰,燄
煫,燧
営,營
爕,燮
煰,燥
爥,燭
曯,燭
烛,燭
煿,爆
炉,爐
爤,爛
燗,爛
熶,爨
爫,爪
争,爭
耶,爺
尒,爾
尔,爾
墻,牆
廧,牆
牗,牖
窂,牢
觝,牴
犆,特
撁,牽
犂,犁
屖,犀
牦,犛
氂,犛
牺,犧
犮,犬
犾,狄
狅,狂
状,狀
狭,狹
陜,狹
貍,狸
獧,狷
勐,猛
犹,猶
狌,猩
猨,猿
蝯,猿
麞,獐
奨,獎
奬,獎
独,獨
擭,獲
获,獲
猎,獵
獦,獵
献,獻
卛,率
壬,王
王,玉
貦,玩
瑴,玨
珏,玨
珉,玟
琘,玟
瑉,玟
砇,玟
碈,玟
琝,玟
珳,玟
玟,玫
珻,玫
珎,珍
鉁,珍
錱,珍
砶,珀
瑇,玳
瑠,琉
璢,琉
瑘,琊
珐,琺
玪,琳
珡,琴
琹,琴
蝐,瑁
珼,瑁
碯,瑙
瑶,瑤
碼,瑪
璝,瑰
瓌,瑰
瓈,璃
璖,璩
环,環
壐,璽
玺,璽
鈢,璽
鉨,璽
鉩,璽
琼,瓊
璚,瓊
瓗,瓊
爪,瓜
甁,瓶
硑,瓶
珁,瓷
甆,瓷
瓯,甌
罋,甕
瓮,甕
什,甚
恋,甚
甛,甜
産,產
娚,甥
桶,甬
甮,甭
鉀,甲
侽,男
堺,界
畍,界
畞,畝
畮,畝
畂,畝
畆,畝
奙,畚
畄,留
畱,留
畧,略
魓,畢
鏎,畢
异,異
画,畫
畵,畫
晝,畫
畨,番
当,當
嚋,疇
壃,疆
畺,疆
疅,疆
畕,疆
叠,疊
曡,疊
疉,疊
疎,疏
踈,疏
痋,疼
胗,疹
脴,痞
瘷,瘀
疩,瘁
痳,痲
疿,痱
癡,痴
痬,瘍
痒,瘍
癒,瘉
胔,瘠
癅,瘤
膄,瘦
瘉,癒
痒,癢
症,癥
彂,發
佰,百
旳,的
晈,皎
皦,皎
賋,皎
晥,皖
晧,皓
皜,皓
凒,皚
暟,皚
疱,皰
靤,皰
盁,盈
瓫,盆
盇,盍
盗,盜
尽,盡
譼,監
鎜,盤
泴,盥
盳,盲
朚,盲
睂,眉
屓,眉
盻,盼
眞,真
瞑,眠
睠,眷
众,眾
衆,眾
乑,眾
困,睏
睾,睪
倸,睬
睁,睜
睤,睥
叡,睿
憆,瞠
覴,瞪
矙,瞰
瞚,瞬
瞤,瞬
了,瞭
眗,瞿
瞩,矚
鉾,矛
矝,矜
笶,矢
榘,矩
躷,矮
矨,矮
硏,研
硑,研
矵,砌
磜,砌
硑,砰
碪,砧
磂,硫
朱,硃
鞕,硬
硏,硯
砕,碎
踫,碰
埦,碗
椀,碗
盌,碗
鋺,碗
礠,磁
楪,碟
磞,磅
碻,確
硈,確
磥,磊
礌,磊
礚,磕
甎,磚
声,磬
殸,磬
硜,磬
隥,磴
硋,礙
碍,礙
鋛,礦
鑛,礦
卝,礦
丱,礦
眎,示
禩,祀
祅,祆
祗,祇
秘,祕
袐,祕
袓,祖
柛,神
拀,祝
祬,祗
祇,祗
袛,祗
秨,祚
羏,祥
禥,祺
禄,祿
畗,福
旤,禍
礼,禮
豊,禮
祷,禱
万,萬
和,私
厶,私
秃,禿
秂,禿
痜,禿
龝,秋
豑,秩
秆,稈
芉,稈
税,稅
楞,稜
稺,稚
穉,稚
禂,稠
禀,稟
种,種
称,稱
穪,稱
秤,稱
稾,稿
藁,稿
藳,稿
稁,稿
榖,穀
谷,穀
糓,穀
禝,稷
稲,稻
頴,穎
甦,穌
鯂,穌
穂,穗
穯,穡
劐,穫
耯,穫
穏,穩
宂,穴
宄,究
宆,穹
宊,突
穾,突
宨,窕
牎,窗
牕,窗
窓,窗
窻,窗
囪,窗
囱,窗
堀,窟
窋,窟
洼,窪
窊,窪
漥,窪
窑,窯
窰,窯
竆,窮
闚,窺
窃,竊
竸,競
兢,競
笁,竺
关,笑
咲,笑
体,笨
篴,笛
苐,第
苻,符
抬,笞
筞,策
箣,策
筴,策
萗,策
笔,筆
茟,筆
匡,筐
荅,答
畣,答
畗,答
譗,答
笋,筍
箰,筍
觔,筋
竻,筋
栰,筏
菅,管
筦,管
萁,箕
椾,箋
牋,箋
筭,算
翦,箭
葙,箱
范,範
蒃,篆
籇,篙
竺,篤
笁,篤
簒,篡
竼,篷
簘,簫
兂,簪
簮,簪
籄,簣
蕑,簡
帘,簾
薄,簿
檐,簷
筹,籌
籘,籐
篭,籠
籖,籤
揃,籤
簽,籤
龥,籲
吁,籲
觕,粗
麤,粗
麆,粗
秔,粳
稉,粳
粤,粵
粋,粹
糉,粽
餻,糕
餹,糖
饄,糖
糛,糖
餳,糖
穅,糠
粇,糠
醩,糟
粮,糧
稬,糯
糥,糯
穤,糯
幺,糸
糺,糾
紏,糾
靵,紐
粃,紕
帋,紙
靽,絆
綂,統
紥,紮
綤,紹
佋,紹
綍,紼
黜,絀
叅,累
絫,累
厽,累
夂,終
紒,結
絶,絕
撧,絕
絁,絕
糸,絲
坕,經
経,經
裍,綑
袒,綻
繛,綽
緑,綠
网,網
罔,網
緜,綿
緖,緒
繢,緇
縁,緣
綫,線
絤,線
縀,緞
纝,縲
絫,縲
綳,繃
綘,縫
総,總
惣,總
緫,總
縂,總
揔,總
揌,總
捴,總
摠,總
縦,縱
縿,繅
繰,繅
綕,織
遶,繞
綉,繡
繍,繡
縘,繫
系,繫
絸,繭
蠒,繭
縄,繩
絵,繪
継,繼
緾,纏
纒,纏
賡,續
纎,纖
缻,缶
罁,缸
堈,缸
盋,缽
鉢,缽
墰,罈
罎,罈
壜,罈
墵,罈
埮,罈
鑵,罐
罆,罐
缶,罐
冈,罔
籱,罩
箌,罩
辠,罪
罸,罰
駡,罵
嗎,罵
傌,罵
罢,罷
羇,羈
覉,羈
覊,羈
芉,羊
猐,羌
羗,羌
哶,羋
咩,羋
芉,羋
咪,羋
嘪,羋
吀,羋
羙,美
嬍,美
羙,羔
麢,羚
譱,善
义,義
羛,義
乂,義
羡,羨
羣,群
羴,羶
膻,羶
羮,羹
翄,翅
翨,翅
翤,翅
鴹,翔
翖,翕
翆,翠
鶣,翩
翺,翱
翶,翱
飜,翻
拚,翻
朤,耀
攷,考
丂,考
耏,耐
秐,耘
畊,耕
躭,耽
炛,耿
垩,聖
圣,聖
琞,聖
鄹,聚
声,聲
殸,聲
聦,聰
聡,聰
聪,聰
聮,聯
聫,聯
聨,聯
耸,聳
聀,職
軄,職
聴,聽
聼,聽
听,聽
銉,肆
粛,肅
肁,肇
肈,肇
宍,肉
毓,育
袬,育
胑,肢
厷,肱
餚,肴
肎,肯
眫,胖
妚,胚
肧,胚
衃,胚
冐,胄
伷,胄
囼,胎
孡,胎
脇,脅
臙,胭
脃,脆
膬,脆
匈,胸
胷,胸
脉,脈
衇,脈
唇,脣
脱,脫
挩,脫
捥,腕
羫,腔
痮,脹
瘬,脹
焤,腐
膓,腸
顋,腮
脚,腳
踋,腳
匘,腦
髈,膀
蹆,腿
骽,腿
厀,膝
肤,膚
饍,膳
胒,膩
臋,臀
癑,膿
胆,膽
鱠,膾
臈,臘
腊,臘
卧,臥
匨,臧
瀶,臨
臰,臭
殠,臭
坮,臺
台,臺
旧,臼
抭,舀
抌,舀
摏,舂
旧,舅
与,與
擧,舉
挙,舉
旧,舊
舎,舍
舓,舐
狧,舐
咶,舐
忬,舒
踳,舛
僢,舛
儛,舞
丹,舟
斻,航
柁,舵
艊,舶
舩,船
舡,船
囏,艱
芆,艾
笀,芒
芌,芋
芕,芍
薂,芍
菦,芹
斳,芹
芲,花
馚,芬
蒭,芻
芧,苧
芧,茅
茆,茅
瘔,苦
伽,茄
叒,若
苖,苗
菭,苔
芶,苟
茍,苟
茘,荔
荆,荊
薦,荐
侟,荐
艸,草
屮,草
皁,草
皂,草
鞇,茵
筃,茵
茊,茲
兹,茲
玆,茲
萖,莞
唍,莞
茎,莖
莾,莽
荘,莊
庒,莊
庄,莊
菞,莉
菏,荷
抲,荷
蔐,荻
萩,荻
藡,荻
蓱,萍
苹,萍
蕐,華
花,華
葊,菴
着,著
苽,菰
箘,菌
尗,菽
茰,萸
蔕,蒂
蔒,葷
藼,萱
蕿,萱
蘐,萱
叶,葉
塟,葬
蕚,萼
蕫,董
菫,董
皅,葩
苩,葩
稸,蓄
冡,蒙
涖,蒞
莅,蒞
乢,蓋
盖,蓋
葢,蓋
芲,蒼
眜,蔑
薎,蔑
莑,蓬
葱,蔥
菍,蔥
蘂,蕊
蕋,蕊
蘃,蕊
繠,蕊
惢,蕊
蘯,蕩
簜,蕩
葁,薑
辥,薛
蔵,藏
匨,藏
蕯,薩
蘍,薰
薫,薰
秇,藝
萟,藝
蓺,藝
埶,藝
蓃,藪
蕅,藕
澫,藕
薬,藥
葯,藥
薻,藻
芦,蘆
薲,蘋
薠,蘋
蘓,蘇
藴,蘊
薀,蘊
虝,虎
俿,虎
处,處
虚,虛
虗,虛
号,號
虠,號
呺,號
亏,虧
蝎,虹
蚉,蚊
螡,蚊
蟁,蚊
鴖,蚊
蜯,蚌
蚄,蚌
虵,蛇
它,蛇
虴,蚱
鼃,蛙
蛕,蛔
蚘,蛔
蜖,蛔
痐,蛔
蜕,蛻
螁,蛻
蠭,蜂
蜄,蜃
蜤,蜥
蝪,蜴
蜋,螂
蜨,蝶
鰕,蝦
虱,蝨
螎,融
蜶,蟀
蠎,蟒
蟇,蟆
蝼,螻
蜮,蟈
螅,蟋
蟺,蟬
虫,蟲
螘,蟻
蝇,蠅
蝎,蠍
蠏,蟹
蚝,蠔
蝡,蠕
蠇,蠣
惷,蠢
蟸,蠡
蜡,蠟
蛊,蠱
蝅,蠶
蠺,蠶
蚕,蠶
螙,蠹
蠧,蠹
蛮,蠻
洫,血
术,術
衞,衛
冲,衝
襳,衫
蓑,衰
衮,袞
襢,袒
褏,袖
褎,袖
袌,袍
帒,袋
帬,裙
裠,裙
裏,裡
里,裡
袿,褂
裵,裴
倮,裸
躶,裸
制,製
禇,褚
裦,褒
襃,褒
裒,褒
闁,褒
緥,褓
絝,褲
袴,褲
衭,褲
裭,褫
暬,褻
褺,褻
絬,褻
衿,襟
袄,襖
繿,襤
韈,襪
韤,襪
袜,襪
帓,襪
褶,襲
卤,西
覔,覓
覛,覓
眡,視
眂,視
眎,視
媇,親
亲,親
斍,覺
覐,覺
覚,覺
覧,覽
観,觀
覌,觀
甪,角
觧,解
觕,觸
触,觸
訙,訊
侂,託
昘,訪
迓,訝
呐,訥
吅,訟
譌,訛
吪,訛
咏,詠
詺,詔
呧,詆
愬,訴
覙,診
咤,詫
咵,誇
夸,誇
譮,話
咶,話
諙,話
譌,詭
謉,詭
咰,詢
訽,詬
噡,詹
識,誌
誈,誣
悮,誤
悞,誤
説,說
唀,誘
竩,誼
唌,誕
讇,諂
謟,諂
諟,諦
喭,諺
諌,諫
呣,謀
喏,諾
喻,諭
喩,諭
詸,謎
謩,謨
嘩,譁
諩,譜
証,證
変,變
誏,讓
讃,讚
嵠,谿
豀,谿
磎,谿
梪,豆
敊,豉
竪,豎
豊,豐
丰,豐
艷,豔
艶,豔
豓,豔
豘,豚
儫,豪
猪,豬
忬,豫
犲,豺
犳,豹
鼦,貂
貃,貊
狛,貊
貉,貊
狢,貉
貈,貉
狸,貍
猍,貍
皃,貌
貇,貌
狠,貌
猫,貓
蛽,貝
鼑,貞
偩,負
貮,貳
戝,賊
賌,賅
賔,賓
賖,賒
贒,賢
臤,賢
売,賣
貭,質
筫,質
頼,賴
賛,贊
贜,贓
賍,贓
偐,贗
贋,贗
贑,贛
烾,赤
灻,赤
爀,赫
焃,赫
赱,走
趂,趁
跈,趁
赶,趕
趨,趣
趋,趨
趍,趨
趃,跌
迹,跡
蹟,跡
脔,跡
趒,跳
踼,踢
蹹,踏
蹋,踏
躢,踏
蹏,蹄
踊,踴
歱,踵
蹹,蹋
躢,蹋
顣,蹙
踪,蹤
踨,蹤
蹷,蹶
嶡,蹶
蹻,蹺
跃,躍
蹢,躑
蹑,躡
躳,躬
躱,躲
軃,躲
塸,軀
傴,軀
鏂,軀
躯,軀
俥,車
軓,軌
杒,軔
軶,軛
枙,軛
媆,軟
輭,軟
轜,軟
儎,載
軽,輊
俌,輔
輙,輒
軽,輕
輊,輕
挽,輓
灳,輝
軰,輩
輺,輜
鎋,轄
輨,轄
舝,轄
輷,轟
亲,辛
辥,辟
辢,辣
辧,辨
办,辦
辝,辭
辤,辭
辞,辭
欁,農
辳,農
莀,農
蕽,農
迃,迂
廵,巡
迊,迎
廸,迪
逈,迥
选,迭
廹,迫
敀,迫
廼,迺
廻,迴
逥,迴
廽,迴
回,迴
迯,逃
这,這
遬,速
遫,速
艁,造
逄,逢
逷,逖
涂,途
馗,逵
劮,逸
运,運
逰,遊
噵,道
衟,道
衜,道
达,達
偪,逼
徦,遐
过,過
徧,遍
踰,逾
遯,遁
逺,遠
愻,遜
递,遞
逓,遞
适,適
拪,遷
迁,遷
选,選
赿,遲
遅,遲
遟,遲
迡,遲
邌,遲
还,還
迩,邇
邉,邊
边,邊
逻,邏
衺,邪
耶,邪
邫,邦
峀,邦
邽,邦
郍,那
邱,邸
郞,郎
郶,部
墎,郭
邮,郵
鄕,鄉
郷,鄉
鄊,鄉
邹,鄒
鄹,鄒
啚,鄙
吅,鄰
隣,鄰
厸,鄰
邓,鄧
郰,鄹
丣,酉
醔,酋
佄,酣
酧,酬
醻,酬
詶,酬
嗠,酪
佲,酩
痠,酸
醕,醇
酔,醉
酻,醉
酢,醋
腌,醃
醖,醞
魗,醜
毉,醫
医,醫
衅,釁
舋,釁
釆,采
埜,野
壄,野
厘,釐
鍼,針
鬴,釜
鈟,釣
抄,鈔
銁,鈞
銞,鈞
鉆,鉗
甲,鉀
鑉,鉀
鈆,鉛
鈎,鉤
艮,銀
詺,銘
硂,銓
啣,銜
衘,銜
厗,銻
焇,銷
鉏,鋤
耡,鋤
鋭,銳
鈗,銳
鏠,鋒
表,錶
逪,錯
銭,錢
鎠,鋼
鍚,錫
録,錄
录,錄
鏳,錚
鑳,鍵
楗,鍵
錬,鍊
煉,鍊
鐑,鍥
鈛,鍋
鎚,錘
鐘,鍾
斔,鍾
螤,鍾
鍫,鍬
喿,鍬
煅,鍛
鍜,鍛
碫,鍛
熔,鎔
鎻,鎖
鏁,鎖
鎭,鎮
鍞,鎮
鍉,鏑
鉃,鏃
鋜,鏃
墁,鏝
槾,鏝
鏕,鏖
銵,鏗
鉺,鏗
鍞,鏗
銿,鐘
鍾,鐘
銹,鏽
鏥,鏽
鎌,鐮
劆,鐮
鉄,鐵
銕,鐵
鋨,鐵
鉵,鐲
鋳,鑄
鑬,鑑
鑒,鑑
鑑,鑒
鍳,鑒
鑚,鑽
鉆,鑽
銮,鑾
仧,長
兏,長
镸,長
閅,門
閇,閉
閨,閏
开,開
閒,間
合,閤
閲,閱
閆,閻
濶,闊
板,闆
関,關
闗,關
閞,關
关,關
閳,闡
辟,闢
峊,阜
谸,阡
圱,阡
埅,防
汬,阱
穽,阱
坓,阱
汫,阱
坂,阪
岅,阪
陁,陀
阤,陀
岮,陀
岨,阻
坿,附
夅,降
寏,院
塦,陣
陳,陣
敶,陣
阧,陡
陕,陝
陜,陝
軙,陳
迧,陳
敶,陳
侌,陰
阥,陰
隂,陰
阴,陰
匋,陶
堦,階
陏,隋
氜,陽
阦,陽
阳,陽
嶐,隆
堭,隍
阸,隘
塧,隘
磒,隕
隟,隙
鄣,障
墇,障
随,隨
遀,隨
礆,險
嶮,險
乚,隱
隠,隱
隷,隸
隶,隸
歀,隸
只,隻
鳫,雁
疋,雅
隽,雋
雦,集
雧,集
鳸,雇
雝,雍
鴙,雉
鵰,雕
錭,雕
虽,雖
襍,雜
雑,雜
双,雙
雏,雛
鶵,雛
鷄,雞
鳮,雞
离,離
兩,雨
云,雲
靁,雷
畾,雷
霗,零
雭,霎
赮,霞
霚,霧
雺,霧
雱,霧
覇,霸
礔,霹
灵,靈
霛,靈
霊,靈
靑,青
寈,青
静,靜
飛,非
靣,面
覥,靦
嬮,靨
鞾,靴
鞌,鞍
鞵,鞋
鞩,鞘
韒,鞘
躹,鞠
秋,鞦
鞕,鞭
繮,韁
千,韆
靭,韌
轁,韜
鞱,韜
韮,韭
韵,韻
响,響
窨,響
幁,順
湏,須
朌,頒
肦,頒
頜,領
脥,頰
頚,頸
头,頭
豆,頭
頺,頹
頽,頹
頥,頤
顊,頤
頙,頤
頉,頤
頟,額
顔,顏
类,類
愿,願
顚,顛
傎,顛
顕,顯
髗,顱
凨,風
凬,風
凮,風
檒,風
飌,風
台,颱
刮,颳
颾,颼
飃,飄
飝,飛
饑,飢
湌,飧
飱,飧
餐,飧
餁,飪
飰,飯
淾,飲
酓,飲
餝,飭
飹,飽
餙,飾
餝,飾
鉓,飾
餠,餅
銄,餉
饟,餉
眷,養
鮾,餒
餧,餒
余,餘
湌,餐
飡,餐
舘,館
餫,餛
飢,饑
薌,香
麘,香
傌,馬
傌,馬
溤,馮
馼,馭
駄,馱
佗,馱
駞,駝
佗,駝
馰,駒
駴,駭
騈,駢
騗,騙
驣,騰
駦,騰
駈,驅
敺,驅
駆,驅
驘,騾
惊,驚
騐,驗
馿,驢
蘎,驥
髄,髓
体,體
躰,體
軆,體
骵,體
髙,高
髪,髮
髥,髯
頿,髭
頾,髭
松,鬆
鬂,鬢
髩,鬢
闘,鬥
鬦,鬥
鬪,鬥
鬬,鬥
鬭,鬥
斗,鬥
閙,鬧
閧,鬨
闀,鬨
欝,鬱
鬰,鬱
郁,鬱
鬴,鬲
鬿,魁
祙,魅
鬽,魅
鱻,鮮
觧,鮮
鯋,鯊
魦,鯊
鰿,鯽
鱂,鯧
鰌,鰍
鱞,鰥
鼈,鱉
龞,鱉
蟞,鱉
鱓,鱔
鱣,鱔
魿,鱗
鱥,鱖
鰐,鱷
魲,鱸
凤,鳳
鳯,鳳
鴌,鳳
鵶,鴉
夗,鴛
鵞,鵝
鶕,鵪
鶑,鶯
鷪,鶯
鸎,鶯
鸖,鶴
隺,鶴
鶮,鶴
鶡,鶴
鴼,鷺
醎,鹹
咸,鹹
碱,鹼
鹻,鹼
醎,鹼
鹹,鹼
塩,鹽
麊,麋
丽,麗
婯,麗
麐,麟
麦,麥
麬,麩
麱,麩
麯,麴
麪,麵
糆,麵
麫,麵
面,麵
蔴,麻
尛,麼
么,麼
麽,麼
黄,黃
菞,黎
溓,黏
黒,黑
黙,默
嘿,默
奌,點
点,點
絀,黜
黱,黛
党,黨
黣,黴
霉,黴
鰲,鼇
鼑,鼎
皷,鼓
鼔,鼓
冬,鼕
鼹,鼴
哻,鼾
亝,齊
齐,齊
斉,齊
斊,齊
夈,齋
斋,齋
斎,齋
歯,齒
出,齣
齗,齦
齱,齪
竜,龍
亀,龜
卝,丱
刈,乂
开,亓
亣,亓
卞,亓
頏,亢
伓,伾
伨,侚
伵,侐
俣,俁
悓,俔
頫,俛
仼,俇
傹,倞
伜,倅
偼,倢
婎,倠
僷,偞
婹,偠
俲,傚
俿,傂
徱,僄
伛,傴
偻,僂
軁,僂
僴,僩
嬐,僸
勔,僶
偢,僽
顭,儚
忁,儤
儧,儹
儅,儻
傫,儽
罙,冞
冂,冪
冖,冪
幂,冪
羃,冪
冴,冱
刏,刉
园,刓
跀,刖
耝,刞
剏,刱
剙,刱
剓,剺
剬,剸
剿,劋
刽,劊
蠫,劙
勗,勖
鉇,匜
釶,匜
也,匜
匫,匢
卐,卍
卭,卬
夘,卬
厈,厂
陫,厞
叴,厹
禸,厹
壡,叡
嚊,呬
吚,咿
啙,呰
喎,咼
咔,哢
唽,哳
欷,唏
噋,啍
唿,啒
哴,喨
噕,噅
噄,喫
偺,喒
嵒,喦
謓,嗔
噪,喿
嚖,嘒
嚿,嚄
噽,嚭
軃,嚲
囐,囋
顖,囟
冏,囧
圯,圮
坋,坌
坏,坯
冂,坰
垧,坰
埛,坰
冋,坰
冏,坰
坘,坻
坵,坻
垇,坳
畡,垓
陒,垝
垜,垛
陻,垔
堙,垔
垐,堲
埓,埒
坄,垼
藝,埶
蓺,埶
窟,堀
塪,埳
菫,堇
壖,堧
墍,塈
堘,塍
塖,塍
畻,塍
牅,墉
牗,墉
墪,墩
圤,墣
堧,壖
坃,壎
壦,壎
塤,壎
蹲,壿
麦,夌
夘,夗
叏,夬
仛,奼
姹,奼
孉,婘
媫,婕
婙,婧
婑,婐
嫭,婟
婔,婓
嬀,媯
姼,媞
婾,媮
妛,媸
聭,媿
謉,媿
嫛,嫕
婳,嫿
媠,嫷
妚,嬛
婏,嬎
妳,嬭
孄,嬾
孏,嬾
嬊,嬿
嬢,孃
学,孛
究,宄
雼,宕
宷,寀
囈,寱
尓,尒
尠,尟
鮮,尟
赻,尟
狵,尨
尫,尪
尩,尪
凥,尻
毴,屄
泥,屔
屟,屧
屜,屧
屫,屩
鞽,屩
屓,屭
谺,岈
坯,岯
砠,岨
岺,岭
岹,岧
岞,岝
峝,峒
峞,峗
峢,峛
峲,峛
巎,峱
嶩,峱
華,崋
嶖,崦
崪,崒
崯,崟
碒,崟
嵏,嵕
嵓,嵒
喦,嵒
碞,嵒
嵆,嵇
嵳,嵯
嶭,嵲
峞,嵬
峹,嵞
崹,嵽
嶛,嵺
嶚,嵺
嵸,嵷
嶤,嶢
嶣,嶕
嶛,嶚
嶫,嶪
礐,嶨
巂,嶲
峵,嶸
嵤,嶸
巆,嶸
嶻,巀
巄,巃
隵,巇
嶄,巉
嶃,巉
卺,巹
袙,帊
怢,帙
袟,帙
帲,帡
楃,幄
愇,幃
褘,幃
幂,幎
幓,幧
裧,幨
簚,幦
簚,幭
开,幵
庪,庋
厔,庢
厩,廄
廐,廄
廏,廄
廀,廋
厪,廑
鄽,廛
厘,廛
庄,廡
廪,廩
癭,廮
摾,弶
彍,彉
录,彔
戫,彧
仢,彴
伹,徂
倈,徠
勑,徠
逨,徠
忾,忔
忲,忕
忟,忞
忯,恀
忷,恟
聏,恧
忹,恁
惊,悢
愑,悀
愹,悀
悹,悺
惽,惛
怋,惛
悺,悹
憌,惸
慜,愍
諐,愆
槒,慉
恊,愶
惂,慆
謟,慆
慤,愨
懄,慬
惷,憃
悚,憡
憞,憝
慭,憖
憗,憖
愸,憖
懄,懃
愗,懋
慸,懘
譵,懟
戅,戇
鉞,戉
只,戠
鍨,戣
戬,戩
銄,扃
艻,扐
捪,抆
抙,抔
抌,抭
捬,拊
挐,拏
拿,拏
掛,挂
攈,捃
攟,捃
扞,捍
仠,捍
寽,捋
抙,捊
捝,挩
矠,捔
挱,挲
敠,掇
挼,捼
孯,掔
捓,揶
挷,搒
搻,搦
揾,搵
扡,搋
拸,搋
攓,搴
摕,摭
拓,摭
摢,摴
偖,撦
撡,摻
掺,摻
捴,摠
揔,摠
搇,撳
搗,擣
捯,擣
擪,擫
捈,攄
攊,擽
搟,攇
攅,攢
敧,攲
欹,攲
侎,敉
勅,敕
勑,敕
敚,敓
敠,敪
敱,敳
夐,敻
歝,斁
殬,斁
劅,斀
螤,斔
亹,斖
斚,斝
斔,斞
斵,斲
斾,旆
旜,旃
旈,旒
斿,旒
晇,旴
昘,昉
昞,昉
旼,旻
昦,昊
昗,昃
陹,昇
曊,昲
眤,昵
昊,昦
昞,昺
暅,晅
晠,晟
鼂,晁
晲,晛
罤,晜
晣,晢
隌,晻
暗,晻
煊,暄
皜,暠
晍,曈
旽,暾
曅,曄
曗,曄
暞,曒
矅,曜
朷,朸
桙,杅
圬,杇
釫,杇
櫄,杶
橁,杶
杻,杶
杽,杻
檘,枰
栧,枻
拁,枷
柭,柫
枏,柟
楧,柍
拀,柷
枎,柎
葈,枲
梀,栜
桰,栝
樃,桹
栕,桭
橬,梣
棁,梲
楞,棱
柠,楮
亞,椏
菍,棯
梤,棻
箷,椸
椲,楎
棟,楝
牃,楪
枮,椹
砧,椹
碪,椹
鍖,椹
槎,楂
柕,楙
棥,楙
揪,楸
椵,椴
鞪,楘
醘,榼
槹,槔
橰,槔
矟,槊
鎙,槊
櫘,槥
檅,槥
橞,槥
梄,槱
禉,槱
柤,樝
榝,樧
椮,槮
橜,橛
槆,橁
槖,橐
艤,檥
榎,檟
艢,檣
檘,檗
簷,檐
櫩,檐
厃,檐
檼,檃
櫽,檃
擏,檠
枱,檯
台,檯
鐯,櫡
鑘,櫑
檪,櫟
橥,櫫
籚,櫨
枿,櫱
蘖,櫱
欞,櫺
榑,欂
櫕,欑
栾,欒
斸,欘
唏,欷
歘,欻
歒,歊
欢,歎
歏,歎
吷,歠
欼,歠
哾,歠
圽,歾
歿,歾
殁,歾
皳,毬
毤,毻
毺,毹
毡,氈
氊,氈
汚,污
渂,汶
汅,沔
浤,汯
渷,沇
兖,沇
溿,沜
汴,汳
冸,泮
沵,沶
靧,沬
頮,沬
粓,泔
冺,泯
汦,泯
氻,泐
沟,泃
浂,泆
沠,泒
遡,泝
溯,泝
沵,沴
泄,洩
汮,洵
澣,浣
泤,洍
湧,涌
浃,浹
汵,涔
涚,涗
凂,浼
凃,涂
洠,涘
渌,淥
汵,淦
湆,湇
潙,溈
溨,渽
涷,湅
湪,渜
菏,渮
湬,湫
瀥,滈
洃,溲
洼,漥
溛,漥
窊,漥
窐,漥
汻,滸
浱,漘
滣,漘
泘,滹
淲,滮
瀂,滷
卤,滷
塷,滷
潨,潀
灇,潀
漎,潀
溆,漵
潊,漵
澃,潁
潦,澇
霔,澍
饏,澉
潭,潯
噀,潠
瀓,澂
湒,潗
淁,潗
洑,澓
浣,澣
瀒,濇
湒,濈
巜,澮
濚,濴
沵,濔
溼,濕
溵,濦
湹,瀍
濙,瀅
潴,瀦
澵,瀙
滝,瀧
濻,瀢
濚,瀯
泎,灂
瀐,瀸
澰,瀲
澭,灉
漓,灕
贑,灨
灔,灩
灧,灩
炅,炔
炴,炔
焆,炔
昋,炅
炲,炱
炰,缹
炘,焮
炶,煔
熌,煔
燰,煨
煊,煖
煗,煖
暄,煖
焭,煢
燺,熇
燆,熇
焅,熇
灱,熇
煴,熅
煾,熅
爃,熒
爋,熏
燖,燂
燂,燖
燅,燖
爗,燁
熀,燁
曎,燡
灹,燠
灷,燼
煡,燼
燽,燾
兤,爌
黋,爌
奛,爌
焫,爇
焳,爝
熦,爝
爑,爝
烛,爞
烜,爟
牱,牁
椾,牋
牨,犅
犫,犨
叐,犮
貁,狖
豾,狉
猘,狾
狾,猘
貎,猊
獱,猵
狝,獼
猕,獼
貛,獾
犿,獾
兹,玆
茲,玆
璛,玊
玵,玕
琕,玭
璸,玭
璚,玦
琾,玠
筊,珓
皉,玼
瑅,珶
璇,琁
璓,琇
璭,琯
鞛,琫
琣,琫
瑻,琨
鏳,琤
玪,瑊
琠,瑱
玧,璊
璄,璟
瑌,瓀
琁,璿
璇,璿
瓑,瓅
瓉,瓚
瓟,瓝
旊,瓬
甕,瓮
罋,瓮
瓭,甔
寗,甯
圢,町
畁,畀
甽,畎
畭,畬
畲,畬
疃,畽
墥,畽
帇,疌
疹,疢
肬,疣
疷,疧
酸,痠
疴,痾
疪,痹
痺,痹
疨,瘕
圠,瘞
癏,瘝
嫕,瘱
瘻,瘺
癎,癇
癕,癰
癴,癵
皂,皁
皐,皋
臯,皋
睾,皋
晳,皙
皩,皝
暤,皞
暭,皞
曍,皞
皡,皞
曒,皦
敫,皦
皹,皸
皶,皻
蛊,盅
盫,盦
眰,眣
眫,眯
睳,眭
眤,眱
眿,眽
眦,眥
眱,睇
晱,睒
厓,睚
濉,睢
矁,瞅
暓,瞀
睘,瞏
矒,瞢
瞯,瞷
覵,瞷
訠,矧
矤,矧
弞,矧
玞,砆
磇,砒
沯,砅
硅,砉
砤,砣
碢,砣
磖,砬
砅,砯
礟,砲
礮,砲
砈,砨
矻,硈
硻,硜
埆,确
矴,碇
磸,碇
椗,碇
珷,碔
埼,碕
礍,碣
嵑,碣
礈,硾
厇,磔
矺,磔
硶,磣
礉,磽
磝,磽
墽,磽
碆,磻
礰,磿
礕,礔
嶨,礐
砳,礐
碝,礝
礷,礛
礨,礧
礌,礧
礲,礱
禴,礿
閍,祊
淉,祼
祶,禘
禵,禔
祢,禰
礿,禴
籼,秈
秺,秅
粃,秕
术,秫
稭,秸
鞂,秸
蓈,稂
粰,稃
穋,稑
期,稘
朞,稘
稑,穋
稆,穭
夕,穸
寎,窉
窳,窊
溛,窊
穾,窔
窽,窾
靗,竀
竤,竑
捒,竦
扻,竷
筓,笄
簳,笴
担,笪
笚,笝
匥,笲
笅,筊
莁,筮
簭,筮
梘,筧
篠,筱
筯,箸
笟,箍
箟,箘
剳,劄
匧,篋
篛,箬
籗,篧
籱,篧
簼,篝
箆,篦
笓,篦
竾,篪
筂,篪
箎,篪
箓,簏
匭,簋
蓽,篳
槶,簂
簛,簁
籭,簁
撍,篸
籞,篽
蓹,篽
盙,簠
磹,簟
栒,簨
筸,簳
籒,籀
簵,簬
韊,籣
籝,籯
籶,籸
秶,粢
餦,粻
斴,粼
粈,糅
糂,糝
糣,糝
粝,糲
籴,糴
糵,糱
粜,糶
絍,紝
紭,紘
綋,紘
絼,紖
靷,紖
忬,紓
悆,紓
緤,紲
蘏,絅
綗,絅
鉄,紩
緿,紿
緸,絪
縧,絛
縚,絛
幍,絛
紪,緀
璂,綦
綨,綦
絚,緪
絙,緪
鞧,緧
緍,緡
罠,緡
緼,縕
繦,繈
鏹,繈
襂,縿
縡,繒
傘,繖
緰,繻
絖,纊
絫,纍
累,纍
縰,纚
纉,纘
鎣,罃
鏬,罅
瓮,罋
甕,罋
甇,罌
甖,罌
罃,罌
鑘,罍
冈,网
罔,网
網,网
羂,罥
罘,罦
羀,罶
羐,羑
羗,羑
麙,羬
翝,翃
菨,翣
翵,翭
耉,耇
耈,耇
耊,耋
臷,耋
秄,耔
耝,耡
槈,耨
鎒,耨
耼,聃
咶,聒
馘,聝
靭,肕
肹,肸
朏,胐
肔,胣
朐,胊
疷,胝
腁,胼
趶,胯
腟,胵
踁,脛
髃,腢
腽,膃
肶,膍
脨,膌
膐,膂
腘,膕
胆,膻
脿,臕
癯,臞
脔,臠
舃,舄
鎋,舝
檥,艤
屮,艸
草,艸
芦,芐
茡,芓
谸,芊
雚,芄
蒷,芸
馝,苾
萔,苕
葠,苫
苢,苡
苐,荑
蓕,茥
蒨,茜
笩,茷
莕,荇
芕,荽
荾,荽
渮,菏
葅,菹
茋,菧
莟,菡
苿,菋
葘,菑
蔿,蒍
湗,葑
椹,葚
莬,葂
葓,葒
簑,蓑
衰,蓑
蔳,蒨
菱,蔆
蓤,蔆
藌,蔤
苾,蔤
蔲,蔻
蓘,蔉
蓻,蓺
蒓,蓴
虆,蔂
蘲,蔂
樢,蔦
莜,蓧
蓚,蓨
薓,蔘
蒷,蕓
甤,蕤
苼,蕤
橓,蕣
萫,薌
蕰,薀
蕵,薞
葭,蕸
萕,薺
薯,藷
蕏,藸
蕌,藟
蓹,蘌
蕶,蘦
蓻,蘜
蘝,蘞
薟,蘞
蔂,虆
蘽,虆
穈,虋
虑,虙
雽,虖
簴,虡
鐻,虡
虬,虯
蝱,虻
螝,虺
螈,蚖
蜹,蚋
蚠,蚡
蛝,蚿
虭,蛁
蚦,蚺
蝷,蚸
螅,蛓
蚝,蛓
蛬,蛩
蜵,蜎
蜝,蜞
蚣,蜙
蛿,蜭
猚,蜼
蜧,蜦
蜒,蜑
蠠,蝒
蠕,蝡
猬,蝟
猿,蝯
猨,蝯
蟻,螘
蚓,螾
彲,螭
蠯,螷
蝥,蟊
蛑,蟊
蟚,蟛
蟧,蟟
虮,蟣
蟖,蟴
蟩,蟨
蟮,蟺
蠾,蠋
蝫,蠩
蟰,蠨
衂,衄
袘,衪
袵,衽
袘,袉
衪,袉
襏,袚
衻,袡
袠,袟
裖,袗
帞,袹
裌,袷
裼,褅
裩,褌
褤,褑
褏,褎
裊,褭
褱,褢
裱,褾
幞,襆
襥,襆
襝,襜
裧,襜
衻,襜
摆,襬
襽,襴
褷,襹
覰,覷
覻,覷
覼,覶
覙,覶
儥,覿
觩,觓
觵,觥
嘴,觜
觪,觲
觗,觶
礐,觷
鐍,觼
觹,觿
觽,觿
訅,訄
吨,訰
呭,詍
譧,詀
誳,詘
讄,誄
訿,訾
譢,誶
讅,諗
訔,誾
顐,諢
訦,諶
嚯,謔
讍,諤
惿,諟
娷,諈
謚,諡
讁,謫
譃,謣
嗹,謰
嘑,謼
謸,謷
譿,譓
憴,譝
謲,譟
譤,譥
嚋,譸
謭,譾
譞,讂
讐,讎
譡,讜
囐,讞
拻,豗
豣,豜
狠,豤
貇,豤
狶,豨
猳,豭
獂,豲
獖,豶
廌,豸
貋,豻
犴,豻
狖,貁
豽,貀
狟,貆
猯,貒
豼,貔
獏,貘
賩,賨
贐,賮
歵,賾
賧,贆
屓,贔
蚒,赨
緽,赬
頳,赬
赼,趑
蹺,趬
呋,趺
趺,跗
蹞,跬
踙,踂
踴,踊
趞,踖
蝽,踳
堾,踳
僢,踳
蹚,踼
豴,蹢
躑,蹢
跖,蹠
驆,蹕
躧,蹝
屣,蹝
蹵,蹴
轥,蹸
躙,蹸
番,蹯
勪,蹻
躃,躄
隮,躋
蹰,躕
蹮,躚
邋,躐
忀,躟
忂,躣
軚,軑
搑,軵
輽,軬
桳,軬
輧,軿
輭,輀
轜,輀
魭,輐
轏,輚
棢,輞
楇,輠
棿,輗
輏,輶
輇,輲
輼,轀
轣,轢
遌,迕
迱,迤
逬,迸
逎,遒
遁,遯
踲,遯
欥,遹
遌,遻
卭,邛
豳,邠
郌,邽
垺,郛
郄,郤
鄓,郹
郥,郹
鄥,鄡
郻,鄡
鄷,酆
鄼,酇
酼,醢
醘,醢
醘,醯
醿,醾
釄,醾
釶,釔
銲,釬
鉽,釴
鉪,釱
銒,鈃
鋞,鈃
鎞,鈚
鈲,釽
鉇,鉈
釶,鉈
鍦,鉈
錒,鈳
銝,鉥
銊,鉞
鋮,鉞
鈛,鉞
鐬,鉞
鉨,鈮
鍣,鉊
鈈,鈹
鉟,鈹
鋤,鉏
鍈,鉠
銽,銛
鑃,銚
鋽,銚
鍌,銑
錽,鋄
鎫,鋄
釚,銶
鋙,鋘
釯,鋩
鋢,鋝
輨,錧
鐓,錞
鐚,錏
鈙,錡
鐼,錛
鋾,錭
鍿,錙
鐊,鍚
鑩,鍔
鍢,鍑
鑅,鍠
鐄,鍠
鐞,鎒
鏉,鎪
錘,鎚
鐂,鎦
磂,鎦
鏿,鎗
銿,鏞
旋,鏇
鏸,鏏
鏩,鏨
鐜,鐓
銌,鐏
鐟,鐕
釫,鏵
釪,鏵
鎸,鐫
鋑,鐫
鋁,鑢
鎛,鑮
钄,鑭
鑈,鑷
鉨,鑷
鎲,钂
矡,钁
斸,钃
閕,閜
閴,闃
閿,闅
閺,闅
鬫,闞
陁,阤
坑,阬
阸,阨
戹,阨
隭,陑
陕,陜
陿,陜
徏,陟
徝,陟
阩,陞
埞,隄
碮,隄
棿,隉
墤,隤
隓,隳
鶽,隼
鵻,隼
鴡,雎
瞗,雎
睢,雎
嶲,巂
雟,巂
巂,雟
嶲,雟
艧,雘
霠,霒
霡,霢
雭,霫
愗,霿
雺,霿
霴,靆
霍,靃
鞉,鞀
鼗,鞀
琕,鞞
諊,鞫
鞟,鞹
皾,韇
韀,韉
愇,韙
鞲,韝
鞰,韞
韥,韣
韯,韱
齃,頞
俛,頫
颷,飆
飈,飆
飊,飆
飇,飆
颮,飆
秗,飫
饇,飫
饚,餀
糍,餈
粢,餈
呲,飺
醊,餟
饐,餬
糃,餳
糇,餱
飻,餮
氣,餼
饝,饃
糦,饎
餴,饙
籑,饌
餰,饘
飦,饘
飸,饕
餥,饕
餉,饟
聝,馘
驝,馲
駫,駉
騡,駩
摗,駷
馯,駻
駨,駽
騌,騣
駠,騮
駵,騮
驑,騮
隲,騭
騘,驄
驇,騺
騻,驦
骩,骫
骪,骫
跤,骹
胔,骴
髠,髡
髨,髡
髤,髹
鬔,髼
髢,鬄
髰,鬄
巛,鬊
巤,鬣
鬛,鬣
粥,鬻
儥,鬻
俼,鬻
魉,魎
貥,魧
鰟,魴
鱯,魱
鱋,魼
鮃,魾
鮺,鮓
鰭,鮨
鱭,鮆
鯶,鯇
鰀,鯇
鰵,鮸
鮌,鯀
鮉,鯛
鰽,鯦
鮎,鯰
鮝,鯗
鱶,鯗
鮟,鰋
鮷,鯷
鮧,鯷
鱅,鰫
鮙,鰨
鱏,鱘
鰺,鱢
魣,鱮
乙,鳦
鳬,鳧
鴍,鳼
雃,鳽
琟,鳿
鳵,鴇
鵭,鳹
雂,鳹
鳱,鴈
鳫,鴈
鴂,鴃
鴪,鴥
鴧,鴥
鸜,鴝
鷃,鴳
鴼,鵅
鴅,鵃
鴑,鴽
鷋,鵌
鵕,鵔
鴭,鵻
鶃,鶂
鷁,鶂
鴄,鵯
鵾,鶤
鵙,鶪
鶙,鶗
鷀,鶿
鴳,鷃
鴙,鶻
鷱,鷎
鷉,鷈
鴋,鶭
鸘,鷞
鶒,鷘
鶐,鷸
鵐,鷡
鸊,鷿
雤,鷽
雚,鸛
鵍,鸛
鵹,鸝
塷,鹵
卣,鹵
卤,鹵
醝,鹺
麅,麃
麏,麇
麕,麇
麖,麠
麁,麤
麄,麤
蔍,麤
籺,麧
斢,黈
紏,黈
粚,黐
剠,黥
黾,黽
勔,黽
魭,黿
鼁,鼀
鼝,鼘
鼥,鼣
鼰,鼳
齄,齇
賫,齎
賷,齎
韲,齏
齓,齔
齥,齛
齴,齞
呞,齝
嚙,齧
囓,齧
齚,齰
腭,齶
丰,丯
乁,乀
仦,仯
託,侂
仛,侂
托,侂
僀,偙
侰,僒
净,凈
創,刅
刉,刏
鈱,刡
叧,剮
另,剮
冎,剮
妷,劮
勊,勀
匔,匑
匸,匚
匚,匸
卪,卩
呴,吽
启,呇
哣,咅
咞,哯
唺,哯
唃,唂
嘊,啀
圲,圱
炈,坄
垨,坾
墢,坺
墢,垡
挷,垹
埄,埲
埬,堜
砣,堶
墴,堭
墧,塙
浧,塣
坧,墌
塜,塳
磰,墡
坺,墢
圫,墺
夂,夊
甠,夝
殅,夝
猆,奜
奛,奣
娂,妅
佲,姳
孎,娕
婱,娹
妶,娹
妉,媅
娚,嫐
嬺,嫟
婂,嬵
孨,孴
窙,宯
窚,宬
尣,尢
兀,尢
崓,崮
岆,崾
崔,嵟
戺,巸
褀,帺
褩,幋
衳,幒
擳,幯
楐,庎
厫,廒
去,弆
吲,弞
哂,弞
彑,彐
矱,彠
仼,彺
懯,怤
悳,惪
熀,愰
愡,憁
憦,憥
忳,憌
嚂,懢
懞,懜
懭,懬
鑺,戵
搋,扠
挩,抁
扥,扽
揢,抲
捒,拺
挅,挆
叔,掓
抿,捪
揧,揦
攨,搲
掿,搙
捒,摗
挳,摼
梊,摕
揸,摣
搱,摨
撯,擆
撴,撉
搑,擃
攵,攴
暋,敃
敳,敱
紏,斢
劚,斸
晌,晑
晾,暻
梕,杒
鈶,柌
枱,柌
棬,桊
枽,枼
栣,栠
桬,桫
榧,棑
楤,棇
樬,棇
樒,榓
櫁,榓
槇,槙
榅,榲
橕,樘
梙,槵
耮,橯
焭,橩
櫘,橞
栰,橃
梮,檋
鑈,檷
鈮,檷
苘,檾
杄,櫏
樏,欙
毩,毱
泈,汷
沀,汿
淗,泦
潱,洇
泟,浾
滖,浽
涹,浽
澏,浛
汸,淓
漋,湰
浲,漨
滗,潷
濽,灒
灲,灱
炨,灺
炧,灺
燌,炃
炏,烗
炌,烗
燑,烔
爞,烔
炢,烼
焨,焆
烲,焎
熍,焪
焪,焢
焬,焲
焱,焲
煛,煚
燫,熑
焧,熜
燪,熜
燨,爔
燯,爧
鏻,獜
玜,玒
珙,玒
蛠,珕
瑨,璡
琗,璱
畗,畐
偪,畐
疔,疒
欮,瘚
宔,砫
硧,硐
礊,碦
摤,磢
硆,礘
祮,祰
禞,祰
稶,稢
耣,稐
窫,穵
箥,笸
箲,筅
笚,筪
簈,箳
醔,篘
篗,籆
籰,籆
篗,籰
糡,糨
絚,絙
帺,綥
褈,緟
膖,胮
脄,脢
胟,脢
舤,舧
艪,艣
芀,艻
芩,荶
葕,莚
薷,葇
薓,葠
蒀,蒕
薼,蔯
櫐,蘽
蕗,虂
虦,虥
霦,虨
蚏,蚎
蚾,蚽
蛞,蛥
褃,裉
鑻,襻
矀,覹
訙,訉
詽,訮
訑,詑
訤,詉
誟,詨
悖,誖
哱,誖
怫,誖
訤,誵
愅,諽
謷,謸
噡,譫
諙,譮
狗,豿
宲,賲
赺,趛
徸,蹱
軠,軖
迏,达
迖,达
釅,醶
釓,釚
鈻,釲
鋅,釨
鋣,釾
鎁,釾
鈘,鈙
鏸,鈗
鍟,鉎
錇,鉜
鈢,鉩
鈓,銋
鋷,銸
鐁,鋖
鎥,鋚
銇,錑
鏛,鋿
鑜,鋿
鍲,錉
鈱,錉
釶,鍦
鉇,鍦
鈷,鍸
鐷,鍱
鋀,鍮
鍯,鏓
鐧,鐗
鍓,鏶
鐩,鐆
鐾,鐴
划,鐹
鏀,鐪
鉩,鑈
纄,鑝
鋫,鑗
錅,鑗
鏫,鑗
埨,陯
弽,韘
韼,韸
飂,飀
飬,餋
糤,饊
馚,馩
鱍,鮁
鯹,鮏
鮓,鮺
鮾,鯘
鯮,鯼
鱑,鰉
鯿,鯾
鰛,鰮
魳,鰤
鮝,鰧
鰔,鱤
鵄,鴟
鳾,鶳
鷼,鷳
鷴,鷳
鞺,鼞
齼,齭
齫,齳
觮,龣
轊,軎
鞸,韠
惥,慂
巶,佋
昭,佋
憘,憙
鈶,枱
耛,枱
訩,詾
哅,詾
場,塲
众,乑
勎,勠
戮,勠
櫽,檼
厹,叴
轔,轥
笒,筨
鞴,絥
韛,鞴
魱,鱯
鱡,鰂
鯽,鰂
